{
  "accuracy": 0.9169999957084656,
  "loss": 0.286369651556015,
  "val_accuracy": 0.9416999816894531,
  "val_loss": 0.20356403291225433,
  "epoch": 4,
  "global_step": 9375
}