{
  "accuracy": 0.7710166573524475,
  "loss": 0.7335456609725952,
  "val_accuracy": 0.9089999794960022,
  "val_loss": 0.3537456691265106,
  "epoch": 1,
  "global_step": 3750
}