{
  "accuracy": 0.9541666507720947,
  "loss": 0.15214839577674866,
  "val_accuracy": 0.9646999835968018,
  "val_loss": 0.11540983617305756,
  "epoch": 4,
  "global_step": 9375
}