{
  "accuracy": 0.9658666849136353,
  "loss": 0.11105071753263474,
  "val_accuracy": 0.9731000065803528,
  "val_loss": 0.09114166349172592,
  "epoch": 4,
  "global_step": 9375
}