{
  "accuracy": 0.7903833389282227,
  "loss": 0.6974210143089294,
  "val_accuracy": 0.9068999886512756,
  "val_loss": 0.3564218580722809,
  "epoch": 1,
  "global_step": 3750
}