{
  "accuracy": 0.8513166904449463,
  "loss": 0.4762536585330963,
  "val_accuracy": 0.9316999912261963,
  "val_loss": 0.24244071543216705,
  "epoch": 4,
  "global_step": 9375
}