{
  "accuracy": 0.9480500221252441,
  "loss": 0.1719634085893631,
  "val_accuracy": 0.9595999717712402,
  "val_loss": 0.13319626450538635,
  "epoch": 4,
  "global_step": 9375
}