{
  "accuracy": 0.9227166771888733,
  "loss": 0.274944543838501,
  "val_accuracy": 0.9509000182151794,
  "val_loss": 0.16364462673664093,
  "epoch": 4,
  "global_step": 9375
}