{
  "accuracy": 0.9683833122253418,
  "loss": 0.09748328477144241,
  "val_accuracy": 0.9729999899864197,
  "val_loss": 0.08985365927219391,
  "epoch": 4,
  "global_step": 9375
}