{
  "accuracy": 0.9595666527748108,
  "loss": 0.13266320526599884,
  "val_accuracy": 0.972000002861023,
  "val_loss": 0.09276261180639267,
  "epoch": 4,
  "global_step": 9375
}