{
  "accuracy": 0.9443833231925964,
  "loss": 0.17846931517124176,
  "val_accuracy": 0.9611999988555908,
  "val_loss": 0.13293027877807617,
  "epoch": 4,
  "global_step": 9375
}