{
  "accuracy": 0.9672666788101196,
  "loss": 0.10581955313682556,
  "val_accuracy": 0.9688000082969666,
  "val_loss": 0.09960335493087769,
  "epoch": 4,
  "global_step": 9375
}