{
  "accuracy": 0.8635166883468628,
  "loss": 0.49199607968330383,
  "val_accuracy": 0.91839998960495,
  "val_loss": 0.29904088377952576,
  "epoch": 4,
  "global_step": 9375
}