{
  "accuracy": 0.8945333361625671,
  "loss": 0.3591662347316742,
  "val_accuracy": 0.9384999871253967,
  "val_loss": 0.21336381137371063,
  "epoch": 4,
  "global_step": 9375
}