{
  "accuracy": 0.9236999750137329,
  "loss": 0.25945600867271423,
  "val_accuracy": 0.9391999840736389,
  "val_loss": 0.20781083405017853,
  "epoch": 4,
  "global_step": 9375
}