{
  "accuracy": 0.9448833465576172,
  "loss": 0.19796520471572876,
  "val_accuracy": 0.9603999853134155,
  "val_loss": 0.13657936453819275,
  "epoch": 4,
  "global_step": 9375
}