{
  "accuracy": 0.9220166802406311,
  "loss": 0.25689005851745605,
  "val_accuracy": 0.9567000269889832,
  "val_loss": 0.14498020708560944,
  "epoch": 3,
  "global_step": 7500
}