{
  "accuracy": 0.9198166728019714,
  "loss": 0.31025660037994385,
  "val_accuracy": 0.9470000267028809,
  "val_loss": 0.18791157007217407,
  "epoch": 4,
  "global_step": 9375
}