{
  "accuracy": 0.8805833458900452,
  "loss": 0.4296225905418396,
  "val_accuracy": 0.9309999942779541,
  "val_loss": 0.2506027817726135,
  "epoch": 4,
  "global_step": 9375
}