{
  "accuracy": 0.8802333474159241,
  "loss": 0.4292401969432831,
  "val_accuracy": 0.9214000105857849,
  "val_loss": 0.2806662321090698,
  "epoch": 4,
  "global_step": 9375
}