{
  "accuracy": 0.9015666842460632,
  "loss": 0.3209361433982849,
  "val_accuracy": 0.9409000277519226,
  "val_loss": 0.20286932587623596,
  "epoch": 4,
  "global_step": 9375
}