{
  "accuracy": 0.944183349609375,
  "loss": 0.19144207239151,
  "val_accuracy": 0.9584000110626221,
  "val_loss": 0.14498110115528107,
  "epoch": 4,
  "global_step": 9375
}