{
  "accuracy": 0.9089000225067139,
  "loss": 0.3259131610393524,
  "val_accuracy": 0.9333999752998352,
  "val_loss": 0.230438694357872,
  "epoch": 4,
  "global_step": 9375
}