{
  "accuracy": 0.9648666381835938,
  "loss": 0.12028408795595169,
  "val_accuracy": 0.9700000286102295,
  "val_loss": 0.10135483741760254,
  "epoch": 4,
  "global_step": 9375
}