{
  "accuracy": 0.9491999745368958,
  "loss": 0.16758716106414795,
  "val_accuracy": 0.9652000069618225,
  "val_loss": 0.11870578676462173,
  "epoch": 4,
  "global_step": 9375
}