{
  "accuracy": 0.9476833343505859,
  "loss": 0.17943158745765686,
  "val_accuracy": 0.9624000191688538,
  "val_loss": 0.12796008586883545,
  "epoch": 4,
  "global_step": 9375
}