{
  "accuracy": 0.8918333053588867,
  "loss": 0.3663732409477234,
  "val_accuracy": 0.9312000274658203,
  "val_loss": 0.24439938366413116,
  "epoch": 4,
  "global_step": 9375
}