{
  "accuracy": 0.9612166881561279,
  "loss": 0.12661762535572052,
  "val_accuracy": 0.9699000120162964,
  "val_loss": 0.09788349270820618,
  "epoch": 3,
  "global_step": 7500
}