{
  "accuracy": 0.9208833575248718,
  "loss": 0.28164055943489075,
  "val_accuracy": 0.9477999806404114,
  "val_loss": 0.1828494668006897,
  "epoch": 4,
  "global_step": 9375
}