{
  "accuracy": 0.8240166902542114,
  "loss": 0.5656771659851074,
  "val_accuracy": 0.9265999794006348,
  "val_loss": 0.26907968521118164,
  "epoch": 4,
  "global_step": 9375
}