{
  "accuracy": 0.9517166614532471,
  "loss": 0.1658785045146942,
  "val_accuracy": 0.9718999862670898,
  "val_loss": 0.10633689165115356,
  "epoch": 3,
  "global_step": 7500
}