{
  "accuracy": 0.7924500107765198,
  "loss": 0.6978302001953125,
  "val_accuracy": 0.9124000072479248,
  "val_loss": 0.380840927362442,
  "epoch": 4,
  "global_step": 9375
}