{
  "accuracy": 0.9339166879653931,
  "loss": 0.22192765772342682,
  "val_accuracy": 0.9538999795913696,
  "val_loss": 0.15368658304214478,
  "epoch": 4,
  "global_step": 9375
}