{
  "accuracy": 0.9489833116531372,
  "loss": 0.16977772116661072,
  "val_accuracy": 0.9588000178337097,
  "val_loss": 0.13934417068958282,
  "epoch": 4,
  "global_step": 9375
}