{
  "accuracy": 0.9269333481788635,
  "loss": 0.2533113658428192,
  "val_accuracy": 0.9484000205993652,
  "val_loss": 0.1791950911283493,
  "epoch": 4,
  "global_step": 9375
}