{
  "accuracy": 0.9474999904632568,
  "loss": 0.1834094226360321,
  "val_accuracy": 0.9631999731063843,
  "val_loss": 0.1278093457221985,
  "epoch": 4,
  "global_step": 9375
}