{
  "accuracy": 0.9624833464622498,
  "loss": 0.12604358792304993,
  "val_accuracy": 0.9675999879837036,
  "val_loss": 0.10998516529798508,
  "epoch": 4,
  "global_step": 9375
}