{
  "accuracy": 0.7688999772071838,
  "loss": 0.72674161195755,
  "val_accuracy": 0.9072999954223633,
  "val_loss": 0.3425719738006592,
  "epoch": 1,
  "global_step": 3750
}