{
  "accuracy": 0.9531999826431274,
  "loss": 0.16606377065181732,
  "val_accuracy": 0.9666000008583069,
  "val_loss": 0.11854369193315506,
  "epoch": 4,
  "global_step": 9375
}